entertainment,city,postcode,housenumber,street,state,address2,longitude,latitude
CMX Brickell City Centre,Miami,33130,701,South Miami Avenue,Florida,"701 South Miami Avenue, Miami, FL 33130, United States of America",-80.1930845,25.767149
Miami Lecture Hall,Miami,33131,,Riverwalk,Florida,"Riverwalk, Miami, FL 33131, United States of America",-80.1910457,25.7705708
Ashe Auditorium,Miami,33131,,Southeast 4th Street,Florida,"Southeast 4th Street, Miami, FL 33131, United States of America",-80.1907263,25.7709597
James L. Knight Center Theater,Miami,33131,,Southeast 4th Street,Florida,"Southeast 4th Street, Miami, FL 33131, United States of America",-80.1914435,25.7711487
Silverspot Cinema,Miami,33131,300,Southeast 3rd Street,Florida,"300 Southeast 3rd Street, Miami, FL 33131, United States of America",-80.1884371,25.771394
Olympia Theater at Gusman Center,Miami,33131,174,East Flagler Street,Florida,"174 East Flagler Street, Miami, FL 33131, United States of America",-80.1904762,25.7741039
HistoryMiami Museum,Miami,33130,101,West Flagler Street,Florida,"101 West Flagler Street, Miami, FL 33130, United States of America",-80.1965878455675,25.774462800000002
Miami Dade Cultural Center,Miami,33131,,West Flagler Street,Florida,"West Flagler Street, Miami, FL 33131, United States of America",-80.1964202,25.7744652
YWCA Downtown Playhouse,Miami,33132,,Northeast 2nd Street,Florida,"Northeast 2nd Street, Miami, FL 33132, United States of America",-80.1911182,25.7761859
Museum of the Americas,Miami,33130,,Southwest 8th Court,Florida,"Southwest 8th Court, Miami, FL 33130, United States of America",-80.207946,25.765691
FPL Solar Amphitheater at Bayfront Park,Miami,33132,,Miamarina Parkway Drive,Florida,"Miamarina Parkway Drive, Miami, FL 33132, United States of America",-80.18605870192343,25.7762195
La Casa Del Teatro,Miami,33130,,Southwest 10th Avenue,Florida,"Southwest 10th Avenue, Miami, FL 33130, United States of America",-80.2114179,25.7663106
Manuel Artime Theater,Miami,33130,900,Southwest 1st Street,Florida,"900 Southwest 1st Street, Miami, FL 33130, United States of America",-80.20955340892209,25.7723126
The Black Archives Historic Lyric Theater,Miami,33136,819,Northwest 2nd Avenue,Florida,"819 Northwest 2nd Avenue, Miami, FL 33136, United States of America",-80.19769598553083,25.7822233
American Museum of the Cuban Diaspora,Miami,33129,,Southwest 3rd Avenue,Florida,"Southwest 3rd Avenue, Miami, FL 33129, United States of America",-80.21423250491561,25.7507184
American Museum of the Cuban Diaspora,Miami,33129,,Southwest 22nd Street,Florida,"Southwest 22nd Street, Miami, FL 33129, United States of America",-80.2141956,25.7508302
Patricia and Phillip Frost Museum of Science,Miami,33132,1101,Biscayne Boulevard,Florida,"1101 Biscayne Boulevard, Miami, FL 33132, United States of America",-80.18785887248801,25.78530655
Frost Planetarium,Miami,33132,,MacArthur Causeway Path,Florida,"MacArthur Causeway Path, Miami, FL 33132, United States of America",-80.1883231038572,25.785387999999998
Villa Vizcaya,Miami,33129,3251,South Miami Avenue,Florida,"3251 South Miami Avenue, Miami, FL 33129, United States of America",-80.210496703699,25.7443752
Pérez Art Museum Miami,Miami,33132,1103,Biscayne Boulevard,Florida,"1103 Biscayne Boulevard, Miami, FL 33132, United States of America",-80.18633923345665,25.7860327
Historic Black Police Precinct Courthouse and Museum,Miami,33136,480,Northwest 11th Street,Florida,"480 Northwest 11th Street, Miami, FL 33136, United States of America",-80.20279562455752,25.784204600000002
Latin Quarter Cultural Center of Miami,Miami,33130,,Southwest 8th Street,Florida,"Southwest 8th Street, Miami, FL 33130, United States of America",-80.219218,25.765566
Tower Theater,Miami,33130,1508,Southwest 8th Street,Florida,"1508 Southwest 8th Street, Miami, FL 33130, United States of America",-80.21967160565177,25.7653574
Adrienne Arsht Center for the Performing Arts,Miami,33132,1300,Biscayne Boulevard,Florida,"1300 Biscayne Boulevard, Miami, FL 33132, United States of America",-80.19005927143266,25.787628599999998
Arsht Center- Knight Concert Hall,Miami,33132,1300,Biscayne Boulevard,Florida,"1300 Biscayne Boulevard, Miami, FL 33132, United States of America",-80.18853105750614,25.78762895
Miami Children's Museum,Miami,33132,980,MacArthur Causeway,Florida,"980 MacArthur Causeway, Miami, FL 33132, United States of America",-80.17648635447563,25.7847781
Jungle Island,Miami,33132,1111,Parrot Jungle Trail,Florida,"1111 Parrot Jungle Trail, Miami, FL 33132, United States of America",-80.17469358275557,25.786177549999998
Jungle Theatre,Miami,33132,,Parrot Jungle Trail,Florida,"Parrot Jungle Trail, Miami, FL 33132, United States of America",-80.17501646221837,25.78608415
Serpentarium,Miami,33132,,Parrot Jungle Trail,Florida,"Parrot Jungle Trail, Miami, FL 33132, United States of America",-80.17601517175262,25.78704845
Parrot Bowl,Miami,33132,,Parrot Jungle Trail,Florida,"Parrot Jungle Trail, Miami, FL 33132, United States of America",-80.17394034918155,25.7860969
Bay of Pigs Museum,Miami,33135,1821,Southwest 9th Street,Florida,"1821 Southwest 9th Street, Miami, FL 33135, United States of America",-80.2250508,25.7649032
Miami Seaquarium,,33149,4400,Rickenbacker Causeway,Florida,"4400 Rickenbacker Causeway, Miami-Dade County, FL 33149, United States of America",-80.16556030992206,25.73299935
Latin American Art Museum,Miami,33135,,Southwest 9th Street,Florida,"Southwest 9th Street, Miami, FL 33135, United States of America",-80.2311111,25.7647222
Miami Seaquarium,,33149,4400,Rickenbacker Causeway,Florida,"4400 Rickenbacker Causeway, Miami-Dade County, FL 33149, United States of America",-80.16484579723935,25.734016349999997
Auditorium,,33109,,Pump House,Florida,"Pump House, Miami-Dade County, FL 33109, United States of America",-80.1636093,25.7320322
Lock & Load Miami Range,Miami,33137,28,Northeast 26th Street,Florida,"28 Northeast 26th Street, Miami, FL 33137, United States of America",-80.1945494,25.8015043
Museum of Graffiti,Miami,33127,299,Northwest 25th Street,Florida,"299 Northwest 25th Street, Miami, FL 33127, United States of America",-80.20093452663248,25.8008787
The Light Box at Goldman Warehouse,Miami,33127,404,Northwest 26th Street,Florida,"404 Northwest 26th Street, Miami, FL 33127, United States of America",-80.20252163333626,25.801134249999997
Gallery 2612,Miami,33127,2612,Northwest 2nd Avenue,Florida,"2612 Northwest 2nd Avenue, Miami, FL 33127, United States of America",-80.1992321,25.8018063
Dina Mitrani Art Gallery,Miami,33127,2620,Northwest 2nd Avenue,Florida,"2620 Northwest 2nd Avenue, Miami, FL 33127, United States of America",-80.1992361,25.8018619
The Screening Room,Miami,33127,2626,Northwest 2nd Avenue,Florida,"2626 Northwest 2nd Avenue, Miami, FL 33127, United States of America",-80.1992393,25.8019208
Miami Acting Studio,Miami,33127,2628,Northwest 2nd Avenue,Florida,"2628 Northwest 2nd Avenue, Miami, FL 33127, United States of America",-80.1992441,25.8019811
Alejandra von Hartz Gallery,Miami,33127,2630,Northwest 2nd Avenue,Florida,"2630 Northwest 2nd Avenue, Miami, FL 33127, United States of America",-80.1992601,25.8020752
Rubell Museum,Miami,33127,1180,Northwest 23rd Street,Florida,"1180 Northwest 23rd Street, Miami, FL 33127, United States of America",-80.21425750658781,25.798696550000003
Rubell Family Collection,Miami,33142,95,Northwest 29th Street,Florida,"95 Northwest 29th Street, Miami, FL 33142, United States of America",-80.19680662530229,25.804213400000002
Dade County Auditorium,Miami,33125,,Northwest 4th Terrace,Florida,"Northwest 4th Terrace, Miami, FL 33125, United States of America",-80.2361111,25.7772222
LOCUST PROJECTS,Miami,33137,3852,North Miami Avenue,Florida,"3852 North Miami Avenue, Miami, FL 33137, United States of America",-80.195591,25.8123867
SWAMPSPACE,Miami,33127,3940,North Miami Avenue,Florida,"3940 North Miami Avenue, Miami, FL 33127, United States of America",-80.1956169,25.8129057
MORA STUDIO,Miami,33137,66,Northeast 40th Street,Florida,"66 Northeast 40th Street, Miami, FL 33137, United States of America",-80.1941555,25.8132642
GALERIES BARTOUX,Miami,33137,127,Northeast 40th Street,Florida,"127 Northeast 40th Street, Miami, FL 33137, United States of America",-80.1928068,25.8135755
Impression Group South Inc,Miami Beach,33139,,South Pointe Drive,Florida,"South Pointe Drive, Miami Beach, FL 33139, United States of America",-80.134333,25.767508
"Institute of Contemporary Art, Miami",Miami,33137,61,Northeast 41st Street,Florida,"61 Northeast 41st Street, Miami, FL 33137, United States of America",-80.19429813795902,25.8143585
de la Cruz Collection,Miami,33137,23,Northeast 41st Street,Florida,"23 Northeast 41st Street, Miami, FL 33137, United States of America",-80.19490516889715,25.81432105
Sanford L Ziff Jewish Museum of Florida,Miami Beach,33139,,Washington Avenue,Florida,"Washington Avenue, Miami Beach, FL 33139, United States of America",-80.1347222,25.7716667
THE HAITIAN HERITAGE MUSEUM,Miami,33137,4141,Northeast 2nd Avenue,Florida,"4141 Northeast 2nd Avenue, Miami, FL 33137, United States of America",-80.1907192,25.8143405
OPERA GALLERY,Miami,33137,151,Northeast 41st Street,Florida,"151 Northeast 41st Street, Miami, FL 33137, United States of America",-80.1921156,25.8147161
Jewish Museum of Florida,Miami Beach,33139,301,Washington Avenue,Florida,"301 Washington Avenue, Miami Beach, FL 33139, United States of America",-80.13423369715636,25.77249565
,Miami Beach,33139,311,Washington Avenue,Florida,"Miami Beach, FL 33139, United States of America",-80.13419528796041,25.77263285
Regal Cinemas South Beach Stadium 18 Movie Theater,Miami Beach,33139,1120,Lincoln Road,Florida,"1120 Lincoln Road, Miami Beach, FL 33139, United States of America",-80.1410161,25.7902676
Colony Theatre / Miami New Drama,Miami Beach,33139,1040,Lincoln Road,Florida,"1040 Lincoln Road, Miami Beach, FL 33139, United States of America",-80.13978216225406,25.790237949999998
ARTECHOUSE Miami,Miami Beach,33139,736,Collins Avenue,Florida,"736 Collins Avenue, Miami Beach, FL 33139, United States of America",-80.13266714432076,25.77765235
Oolite Arts,Miami Beach,33139,924,Lincoln Road,Florida,"924 Lincoln Road, Miami Beach, FL 33139, United States of America",-80.1382612,25.7903156
Cinépolis Luxury Cinemas,Miami,33133,3105,Grand Avenue,Florida,"3105 Grand Avenue, Miami, FL 33133, United States of America",-80.2423659,25.7287012
The Wolfsonian - FIU,Miami Beach,33139,1001,Washington Avenue,Florida,"1001 Washington Avenue, Miami Beach, FL 33139, United States of America",-80.13246325452832,25.78091735
O Cinema South Beach,Miami Beach,33139,1130,Washington Avenue,Florida,"1130 Washington Avenue, Miami Beach, FL 33139, United States of America",-80.1326388,25.7824925
Teatro Trail,Miami,33134,,Southwest 8th Street,Florida,"Southwest 8th Street, Miami, FL 33134, United States of America",-80.2553774,25.7648289
Ara Gallery Cultural Center,Miami,33134,,Southwest 8th Street,Florida,"Southwest 8th Street, Miami, FL 33134, United States of America",-80.255662,25.764874
World Erotic Art Museum,Miami Beach,33139,1205,Washington Avenue,Florida,"1205 Washington Avenue, Miami Beach, FL 33139, United States of America",-80.1320454,25.7832432
Ocean Front Auditorium,Miami Beach,33139,,Ocean Drive,Florida,"Ocean Drive, Miami Beach, FL 33139, United States of America",-80.1305556,25.7797222
Lik Gallery,Miami Beach,33139,,Lincoln Road,Florida,"Lincoln Road, Miami Beach, FL 33139, United States of America",-80.135759,25.7907881
,Miami Beach,33139,,Lincoln Road,Florida,"Miami Beach, FL 33139, United States of America",-80.13521164683046,25.79058625
Lincoln Theatre-New World Symphony Building,Miami Beach,33139,,Lincoln Road,Florida,"Lincoln Road, Miami Beach, FL 33139, United States of America",-80.1341638,25.7907834
Coconut Grove Playhouse,Miami,33133,,Charles Avenue,Florida,"Charles Avenue, Miami, FL 33133, United States of America",-80.244975,25.7260174
Jackie Gleason Theater of the Performing Arts,Miami Beach,33139,,17th Street,Florida,"17th Street, Miami Beach, FL 33139, United States of America",-80.1336111,25.7925
The Fillmore Miami Beach at the Jackie Gleason Theater,Miami Beach,33139,1700,Washington Avenue,Florida,"1700 Washington Avenue, Miami Beach, FL 33139, United States of America",-80.13310698914648,25.7929298
Garden Center Conservatory,Miami Beach,33139,,Convention Center Drive,Florida,"Convention Center Drive, Miami Beach, FL 33139, United States of America",-80.1354817,25.7959275
Cuban Museum,,33134,,Giralda Avenue,Florida,"Giralda Avenue, Coral Gables, FL 33134, United States of America",-80.2591403,25.7511035
Coral Gables Art Cinema,,33134,260,Aragon Avenue,Florida,"260 Aragon Avenue, Coral Gables, FL 33134, United States of America",-80.25984155,25.750160649999998
Coral Gables Museum,,33134,,Aragon Avenue,Florida,"Aragon Avenue, Coral Gables, FL 33134, United States of America",-80.26040343008755,25.750745350000003
Actors' Playhouse at the Miracle Theatre,,33134,280,Miracle Mile,Florida,"280 Miracle Mile, Coral Gables, FL 33134, United States of America",-80.26035946454746,25.749245549999998
Anthony Liggins Gallery 88,Miami Beach,33139,237,20th Street,Florida,"237 20th Street, Miami Beach, FL 33139, United States of America",-80.1311454,25.7957246
Bass Museum of Art,Miami Beach,33139,2100,Collins Avenue,Florida,"2100 Collins Avenue, Miami Beach, FL 33139, United States of America",-80.1301530640578,25.7975852
Cinema 6,Miami,33126,,Northwest 7th Street,Florida,"Northwest 7th Street, Miami, FL 33126, United States of America",-80.264936,25.7792435
Landmark at Merrick Park,,33146,358,San Lorenzo Avenue,Florida,"358 San Lorenzo Avenue, Italian Village, FL 33146, United States of America",-80.2609066,25.7313883
Museum of ice cream,Miami Beach,33140,3420,Collins Avenue,Florida,"3420 Collins Avenue, Miami Beach, FL 33140, United States of America",-80.1238865,25.8088282
Coral Gables International Art Center,Miami,33134,,Southwest 8th Street,Florida,"Southwest 8th Street, Miami, FL 33134, United States of America",-80.284283,25.763864
Cosford Cinema,,33124,,Memorial Drive,Florida,"Memorial Drive, Coral Gables, FL 33124, United States of America",-80.27724258927587,25.72262775
Lowe Art Museum,,33124,1301,Stanford Drive,Florida,"1301 Stanford Drive, Coral Gables, FL 33124, United States of America",-80.27561,25.719383
Lowe Art Gallery,,33124,,Lowe Museum,Florida,"Lowe Museum, Coral Gables, FL 33124, United States of America",-80.2758333,25.7191667
Lakeside Patio Stage,,33124,,Lakeside Patio,Florida,"Lakeside Patio, Coral Gables, FL 33124, United States of America",-80.27839350318163,25.71912455
Gusman Concert Hall,,33146,1314,Miller Road,Florida,"1314 Miller Road, Coral Gables, FL 33146, United States of America",-80.27949928866289,25.7197267
Jerry Herman Ring Theatre,,33124,,Miller Road,Florida,"Miller Road, Coral Gables, FL 33124, United States of America",-80.28005690769231,25.7196107
Ring Theater,,33124,,Miller Road,Florida,"Miller Road, Coral Gables, FL 33124, United States of America",-80.2800415,25.7196266
Art @ The Citadel,Miami,33138,,Northeast 84th Street,Florida,"Northeast 84th Street, Miami, FL 33138, United States of America",-80.1932514,25.8521939
Noguchi Breton,Miami,33161,,Northeast 2nd Avenue,Florida,"Northeast 2nd Avenue, Miami, FL 33161, United States of America",-80.19275667976231,25.8522636
Mindy Solomon Gallery,Miami,33161,,Northeast 2nd Avenue,Florida,"Northeast 2nd Avenue, Miami, FL 33161, United States of America",-80.19267878823311,25.85241705
Victor E. Clarke Recital Hall,,33124,,University Labyrinth,Florida,"University Labyrinth, Coral Gables, FL 33124, United States of America",-80.2802228,25.7185887
Lighthouse Keepers Cottage,,33149,,Cape Florida Park Boulevard,Florida,"Cape Florida Park Boulevard, Miami-Dade County, FL 33149, United States of America",-80.15637125,25.66645565
AMC Sunset Place 24,,33143,5701,Sunset Drive,Florida,"5701 Sunset Drive, South Miami, FL 33143, United States of America",-80.28623851653646,25.70495455
Miami Theater Center,Miami Shores,33161,9806,Northeast 2nd Avenue,Florida,"9806 Northeast 2nd Avenue, Miami Shores, FL 33161, United States of America",-80.1939374696652,25.865636950000003
O Cinema Miami Shores @ MTC,Miami Shores,33161,9806,Northeast 2nd Avenue,Florida,"9806 Northeast 2nd Avenue, Miami Shores, FL 33161, United States of America",-80.193695,25.865466
Byron Carlyle Theatre,Miami Beach,33141,500,71st Street,Florida,"500 71st Street, Miami Beach, FL 33141, United States of America",-80.12372250315076,25.8558022
Carlyle Theater,Miami Beach,33141,500,71st Street,Florida,"500 71st Street, Miami Beach, FL 33141, United States of America",-80.12372,25.855903
Byron Cinema,Miami Beach,33141,,71st Street,Florida,"71st Street, Miami Beach, FL 33141, United States of America",-80.1235726,25.8559428
O Cinema Miami Beach,Miami Beach,33141,500,71st Street,Florida,"500 71st Street, Miami Beach, FL 33141, United States of America",-80.1234771,25.8559278
North Shore Park Bandshell,Miami Beach,33141,7275,Collins Avenue,Florida,"7275 Collins Avenue, Miami Beach, FL 33141, United States of America",-80.1204807039951,25.858122450000003
Pelican Theatre,Miami Shores,33161,11300,Northeast 2nd Avenue,Florida,"11300 Northeast 2nd Avenue, Miami Shores, FL 33161, United States of America",-80.1962768,25.8798662
Museum of Contemporary Art North Miami,,33161,770,Northeast 125th Street,Florida,"770 Northeast 125th Street, North Miami, FL 33161, United States of America",-80.18318084385015,25.889685
futurestuff gallery,San Souci Estates,33181,1656,Northeast 123rd Street,Florida,"1656 Northeast 123rd Street, San Souci Estates, FL 33181, United States of America",-80.1653202,25.8891153
CMX CinéBistro,,32122,,Northwest 85th Court,Florida,"Northwest 85th Court, Doral, FL 32122, United States of America",-80.3319062,25.8073078
Miami Art Center,Kendall,33156,,Southwest 88th Street,Florida,"Southwest 88th Street, Kendall, FL 33156, United States of America",-80.3188889,25.6886111
,,32122,,Northwest 41st Street,Florida,"Doral, FL 32122, United States of America",-80.33418197444878,25.81270835
Petting Zoo,,33013,,East 65th Street,Florida,"East 65th Street, Opa-locka, FL 33013, United States of America",-80.26968815719343,25.8831182
AMC Hialeah 12,Hialeah,33012,780,West 49th Street,Florida,"780 West 49th Street, Hialeah, FL 33012, United States of America",-80.29781741635479,25.865200100000003
Miami Auto Museum - South Building,,33181,14401,Northeast 20th Lane,Florida,"14401 Northeast 20th Lane, North Miami, FL 33181, United States of America",-80.15923487850233,25.9088443
The ARC (Arts and Recreation Center),,33054,675,Ali Baba Avenue,Florida,"675 Ali Baba Avenue, Opa-locka, FL 33054, United States of America",-80.25201512821243,25.901254
Ballet Flamenco La Rosa,Golden Glades,33161,74,Northeast 150th Street,Florida,"74 Northeast 150th Street, Golden Glades, FL 33161, United States of America",-80.19821400972222,25.912274850000003
Miami Auto Museum,,33181,2000,Northeast 146th Street,Florida,"2000 Northeast 146th Street, North Miami, FL 33181, United States of America",-80.15930900317599,25.90985915
The Fair,University Park,33199,,Southwest 20th Street,Florida,"Southwest 20th Street, University Park, FL 33199, United States of America",-80.37065887981933,25.7503429
Main Street Stage,University Park,33199,,Southwest 114th Avenue,Florida,"Southwest 114th Avenue, University Park, FL 33199, United States of America",-80.3716636,25.7494041
Patricia & Phillip Frost Art Museum,,33199,10975,Southwest 17th Street,Florida,"10975 Southwest 17th Street, Miami-Dade County, FL 33199, United States of America",-80.37303868738225,25.75383015
Student Art Gallery,,33199,11200,Southwest 8th Street,Florida,"11200 Southwest 8th Street, Miami-Dade County, FL 33199, United States of America",-80.3730668,25.7556035
,,33178,,Northwest 99th Avenue,Florida,"Doral, FL 33178, United States of America",-80.3585759,25.84333795
Cobb Dolphin 19 Cinemas,,33172,11471,Northwest 12th Street,Florida,"11471 Northwest 12th Street, Sweetwater, FL 33172, United States of America",-80.38045698683692,25.787911700000002
Dave & Buster's,,33172,11401,Northwest 12th Street,Florida,"11401 Northwest 12th Street, Sweetwater, FL 33172, United States of America",-80.3813063,25.7873485
iPic Theaters,,33160,3701,Northeast 163rd Street,Florida,"3701 Northeast 163rd Street, North Miami, FL 33160, United States of America",-80.13517132942033,25.93150945
Movies @ The Falls 12,Kendall,33176,9000,Southwest 136th Street,Florida,"9000 Southwest 136th Street, Kendall, FL 33176, United States of America",-80.33947955957603,25.644418950000002
Barn Theater,,33014,,Miami Lakeway South,Florida,"Miami Lakeway South, Miami Lakes, FL 33014, United States of America",-80.3094952,25.9042614
AMC Tamiami  18,,33175,11865,Southwest 26th Street,Florida,"11865 Southwest 26th Street, Miami-Dade County, FL 33175, United States of America",-80.3897370850774,25.7477721
Public Water Park,Tamiami,33184,,Southwest 124th Avenue,Florida,"Southwest 124th Avenue, Tamiami, FL 33184, United States of America",-80.39622982845736,25.76361405
CMX Cinemas Miami Lakes 17,,33014,,Main Street,Florida,"Main Street, Miami Lakes, FL 33014, United States of America",-80.3099887,25.9134411
Aquarium Depot,Kendall,33186,11762,Southwest 88th Street,Florida,"11762 Southwest 88th Street, Kendall, FL 33186, United States of America",-80.3862483,25.6856619
,,33178,,Northwest 80th Street,Florida,"Doral, FL 33178, United States of America",-80.38217559579647,25.846269300000003
Cobb Grand,Hialeah,33015,17355,Northwest 59th Avenue,Florida,"17355 Northwest 59th Avenue, Hialeah, FL 33015, United States of America",-80.29747356533478,25.93144905
Aventura Arts & Cultural Center,,33180,3385,Northeast 188th Street,Florida,"3385 Northeast 188th Street, Aventura, FL 33180, United States of America",-80.1345562915541,25.9498927
Regal Cinemas,,33183,8595,Southwest 124th Avenue,Florida,"8595 Southwest 124th Avenue, Kendall Village Center, FL 33183, United States of America",-80.39323760085671,25.6885255
Chuck E. Cheese's,,33183,8701,Southwest 124th Avenue,Florida,"8701 Southwest 124th Avenue, Miami-Dade County, FL 33183, United States of America",-80.3924097,25.6877012
AMC Aventura 24,,33180,19051,Biscayne Boulevard,Florida,"19051 Biscayne Boulevard, Aventura, FL 33180, United States of America",-80.14154098136427,25.95577685
Arcade Odyssey,Kendall,33186,12045,Southwest 117th Avenue,Florida,"12045 Southwest 117th Avenue, Kendall, FL 33186, United States of America",-80.3826028,25.6553404
Tidal Cove Water Park,Aventura,33180,19999,West Country Club Drive,Florida,"19999 West Country Club Drive, Aventura, FL 33180, United States of America",-80.13874426809198,25.9615701
Chuck E. Cheese's,Aventura,33180,,Ives Dairy Road,Florida,"Ives Dairy Road, Aventura, FL 33180, United States of America",-80.1433012,25.9641267
,Miramar,33056,,South University Drive,Florida,"Miramar, FL 33056, United States of America",-80.24778276651234,25.97524125
Chuck E. Cheese's,Peters,33197,,Southwest 186th Street,Florida,"Southwest 186th Street, Peters, FL 33197, United States of America",-80.3531428,25.5967647
The Miami-Dade Zoological Park and Gardens,,33177,,Southwest 130th Place,Florida,"Southwest 130th Place, Miami-Dade County, FL 33177, United States of America",-80.39991952426311,25.6133741
Gold Coast Railroad Museum,,33177,12450,Burr Road,Florida,"12450 Burr Road, Miami-Dade County, FL 33177, United States of America",-80.40075092450773,25.61717555
,,33177,,Promenade,Florida,"Miami-Dade County, FL 33177, United States of America",-80.39827868457179,25.608477299999997
Critter Connection,,33177,,The Asian Trail,Florida,"The Asian Trail, Miami-Dade County, FL 33177, United States of America",-80.40105206754069,25.6118184
Wings of Asia,,33177,,The Asian Trail,Florida,"The Asian Trail, Miami-Dade County, FL 33177, United States of America",-80.4002135249442,25.6105189
Main Stage,,33177,,Village Plaza,Florida,"Village Plaza, Miami-Dade County, FL 33177, United States of America",-80.3982695,25.6051472
Regal Southland Mall,,33189,20505,South Dixie Highway,Florida,"20505 South Dixie Highway, Cutler Bay, FL 33189, United States of America",-80.3675547,25.5752782
Wings Over Miami Air Museum,,33196,14710,Southwest 128th Street,Florida,"14710 Southwest 128th Street, Miami-Dade County, FL 33196, United States of America",-80.43368405532442,25.65003255
Building 69,Pembroke Pines,33023,,Southwest 72nd Avenue,Florida,"Southwest 72nd Avenue, Pembroke Pines, FL 33023, United States of America",-80.2334522842005,26.00703535
,,33189,,Southwest 211th Street,Florida,"Cutler Bay, FL 33189, United States of America",-80.36883762504242,25.57051155
South Miami-Dade Cultural Arts Center,,33189,10950,Southwest 211th Street,Florida,"10950 Southwest 211th Street, Cutler Bay, FL 33189, United States of America",-80.36928080228014,25.57069395
Boxroom Escape Games,Hollywood,33020,2042,Hollywood Boulevard,Florida,"2042 Hollywood Boulevard, Hollywood, FL 33020, United States of America",-80.148479,26.0112114
Chuck E. Cheese's,Pembroke Pines,33024,8515,Pines Boulevard,Florida,"8515 Pines Boulevard, Pembroke Pines, FL 33024, United States of America",-80.2560348,26.0100608
,Hollywood,33024,,Garfield Street,Florida,"Hollywood, FL 33024, United States of America",-80.22353064708955,26.01911045
Fletcher Arts and Cultural Cener,Pembroke Pines,33024,,Johnson Street,Florida,"Johnson Street, Pembroke Pines, FL 33024, United States of America",-80.24720994732417,26.016132849999998
Kid's Water Park,,33196,,Southwest 95th Terrace,Florida,"Southwest 95th Terrace, Miami-Dade County, FL 33196, United States of America",-80.4698899,25.6772004
Flipper's Hollywood Cinema 10,Hollywood,33024,,Harding Street,Florida,"Harding Street, Hollywood, FL 33024, United States of America",-80.2280131,26.0257378
Hollywood Beach Theatre,Hollywood,33019,,Hollywood Broadwalk,Florida,"Hollywood Broadwalk, Hollywood, FL 33019, United States of America",-80.11513535,26.01952035
,Pembroke Pines,33024,,Northwest 81st Avenue,Florida,"Pembroke Pines, FL 33024, United States of America",-80.24975570000001,26.02590955
AMC Pembroke Lakes 9,Pembroke Pines,33026,,Northwest 122nd Avenue,Florida,"Northwest 122nd Avenue, Pembroke Pines, FL 33026, United States of America",-80.30763702364506,26.0106239
,Miramar,33082,,Miramar Parkway,Florida,"Miramar, FL 33082, United States of America",-80.37157800307017,25.9827007
Regal Cinemas Oakwood Stadium 18,Hollywood,33020,,Oakwood Lane,Florida,"Oakwood Lane, Hollywood, FL 33020, United States of America",-80.16281212960689,26.036631900000003
,Pembroke Pines,33026,,All Golf Driveway,Florida,"Pembroke Pines, FL 33026, United States of America",-80.31345297703893,26.01641995
Dave & Buster's,Hollywood,33004,,I 95,Florida,"I 95, Hollywood, FL 33004, United States of America",-80.1624089,26.0401782
,Hollywood,33019,,Lake Observation Trail,Florida,"Hollywood, FL 33019, United States of America",-80.11963098925648,26.03884885
Anhinga Indian Museum,Hollywood Seminole Reservation,33312,,Stirling Road,Florida,"Stirling Road, Hollywood Seminole Reservation, FL 33312, United States of America",-80.209619,26.04601
Graves Museum of Archaeology and Natural History,,33004,481,Federal Highway,Florida,"481 Federal Highway, Dania Beach, FL 33004, United States of America",-80.143015,26.043234
Graves Museum,,33004,,Southwest 3rd Street,Florida,"Southwest 3rd Street, Dania Beach, FL 33004, United States of America",-80.1447222,26.0469444
Regal Cinemas Westfork 13,Pembroke Pines,33027,15977,Pines Boulevard,Florida,"15977 Pines Boulevard, Pembroke Pines, FL 33027, United States of America",-80.3590629120451,26.0116823
Splash Pad,,33328,,South Pine Island Road,Florida,"South Pine Island Road, Davie, FL 33328, United States of America",-80.25840411615384,26.047802599999997
Zoological Wildlife Foundation,,33187,16225,Southwest 172nd Avenue,Florida,"16225 Southwest 172nd Avenue, Miami-Dade County, FL 33187, United States of America",-80.4707341,25.6143429
,,33026,,Open Way,Florida,"Cooper City, FL 33026, United States of America",-80.30247632355155,26.041639
IGFA Hall of Fame Museum,,33004,,I 95,Florida,"I 95, Dania Beach, FL 33004, United States of America",-80.1643664,26.0596527
,,33314,,Walsh Road,Florida,"Downtown Davie, FL 33314, United States of America",-80.23589524917983,26.0634002
,,33314,,Walsh Road,Florida,"Downtown Davie, FL 33314, United States of America",-80.2356403351423,26.063481850000002
,,33314,,Walsh Road,Florida,"Downtown Davie, FL 33314, United States of America",-80.23539550000001,26.0635205
,,33314,6650,Walsh Road,Florida,"Downtown Davie, FL 33314, United States of America",-80.23591884638591,26.064392599999998
Old Davie School Historical Museum,,33314,,Walsh Road,Florida,"Walsh Road, Downtown Davie, FL 33314, United States of America",-80.2356096,26.064367
Cinemark Paradise,Southwest Ranches,33330,,Sheridan Street,Florida,"Sheridan Street, Southwest Ranches, FL 33330, United States of America",-80.35607253737757,26.032254950000002
Bailey Hall,,33314,,Broward College,Florida,"Broward College, Davie, FL 33314, United States of America",-80.23642535343483,26.078431199999997
,Fort Lauderdale,33315,,West Park Drive,Florida,"Fort Lauderdale, FL 33315, United States of America",-80.14524302418418,26.0985549
The Fort Lauderdale Antique Car Museum,Fort Lauderdale,33315,,Southwest 1st Avenue,Florida,"Southwest 1st Avenue, Fort Lauderdale, FL 33315, United States of America",-80.14350363914207,26.10222325
Coral Castle Museum,Naranja,33033,28655,South Dixie Highway,Florida,"28655 South Dixie Highway, Naranja, FL 33033, United States of America",-80.4441771424768,25.500724750000003
Paragon Ridge 8,,33324,,FL 84,Florida,"FL 84, Davie, FL 33324, United States of America",-80.2727186207369,26.10355965
Gator Park,,,,Gator Park,Florida,"Miami-Dade County, FL, United States of America",-80.5811992,25.7606874
Savor Cinema Fort Lauderdale,Fort Lauderdale,33301,503,Southeast 6th Street,Florida,"503 Southeast 6th Street, Fort Lauderdale, FL 33301, United States of America",-80.13824754669594,26.11512025
Regal Broward Stadium 12,,33388,8000,Federated Road,Florida,"8000 Federated Road, Plantation, FL 33388, United States of America",-80.25409254858661,26.11623475
,Fort Lauderdale,33301,,Southeast 6th Avenue,Florida,"Fort Lauderdale, FL 33301, United States of America",-80.13744806985846,26.11843435
Historic Stranahan House Museum,Fort Lauderdale,33301,335,Southeast 6th Avenue,Florida,"335 Southeast 6th Avenue, Fort Lauderdale, FL 33301, United States of America",-80.1374468,26.1184358
NSU Art Museum Fort Lauderdale,Fort Lauderdale,33301,,East Las Olas Boulevard,Florida,"East Las Olas Boulevard, Fort Lauderdale, FL 33301, United States of America",-80.14265569197002,26.119565700000003
Museum of Discovery and Science,Fort Lauderdale,33312,,Himmarshee Street,Florida,"Himmarshee Street, Fort Lauderdale, FL 33312, United States of America",-80.14793230681919,26.12110825
Autonation IMAX,Fort Lauderdale,33312,,Himmarshee Street,Florida,"Himmarshee Street, Fort Lauderdale, FL 33312, United States of America",-80.1477059,26.1207951
Young At Art,,33324,8000,West Broward Boulevard,Florida,"8000 West Broward Boulevard, Plantation, FL 33324, United States of America",-80.2547065,26.1187108
Vineyards Clubhouse,Homestead,33033,,Southeast 37th Avenue,Florida,"Southeast 37th Avenue, Homestead, FL 33033, United States of America",-80.42266514389763,25.4665034
International Swimming Hall of Fame,Fort Lauderdale,33316,,Southeast 5th Street,Florida,"Southeast 5th Street, Fort Lauderdale, FL 33316, United States of America",-80.1076800375607,26.11626215
,Broward Estates,33311,,Northwest 35th Avenue,Florida,"Broward Estates, FL 33311, United States of America",-80.19519671643161,26.126978649999998
Ikeda Hall,Southwest Ranches,33328,,Griffin Road,Florida,"Griffin Road, Southwest Ranches, FL 33328, United States of America",-80.41701602226074,26.06560295
Old Dillard Museum,Fort Lauderdale,33311,1009,Northwest 4th Street,Florida,"1009 Northwest 4th Street, Fort Lauderdale, FL 33311, United States of America",-80.15507145604472,26.1261905
Schacknow Museum of Fine Arts,Plantation Gardens,33317,,Northwest 4th Street,Florida,"Northwest 4th Street, Plantation Gardens, FL 33317, United States of America",-80.242593,26.125407
Flagship Cinemas,Homestead,33033,2250,Northeast 8th Street,Florida,"2250 Northeast 8th Street, Homestead, FL 33033, United States of America",-80.44565080033966,25.475147749999998
Amphitheater,Weston,33332,,Southwest 36th Street / Manatee Isles Drive,Florida,"Southwest 36th Street / Manatee Isles Drive, Weston, FL 33332, United States of America",-80.41486910290902,26.070377299999997
City of Plantation Historical Museum,,33317,511,North Fig Tree Lane,Florida,"511 North Fig Tree Lane, Plantation Park, FL 33317, United States of America",-80.22982444141405,26.12883295
Friendship Auditorium,Weston,33332,,Southwest 36th Street,Florida,"Southwest 36th Street, Weston, FL 33332, United States of America",-80.41692766194248,26.0694033
City of Plantation Historical Museum,,33317,511,North Fig Tree Lane,Florida,"511 North Fig Tree Lane, Plantation Park, FL 33317, United States of America",-80.2298404,26.128892
America Mentor and Disciple Hall,Weston,33332,,Southwest 36th Street / Manatee Isles Drive,Florida,"Southwest 36th Street / Manatee Isles Drive, Weston, FL 33332, United States of America",-80.41589354877425,26.0701952
Escapology,Fort Lauderdale,33316,,Cortez Street,Florida,"Cortez Street, Fort Lauderdale, FL 33316, United States of America",-80.1048829,26.1224247
Fine Arts Theater,,33325,12200,West Broward Boulevard,Florida,"12200 West Broward Boulevard, Plantation, FL 33325, United States of America",-80.30883735772743,26.1196615
Madeline Denaro Studio and Gallery,Fort Lauderdale,33304,,Northeast 3rd Avenue,Florida,"Northeast 3rd Avenue, Fort Lauderdale, FL 33304, United States of America",-80.141133,26.1321176
Black Box Theater,,33325,,West Broward Boulevard,Florida,"West Broward Boulevard, Plantation, FL 33325, United States of America",-80.3088501,26.119924400000002
Ernesto Maranje Art & Design,Fort Lauderdale,33394,,North Flagler Drive,Florida,"North Flagler Drive, Fort Lauderdale, FL 33394, United States of America",-80.1422691,26.1325087
,Sunrise,33326,,East Wind Circle,Florida,"Sunrise, FL 33326, United States of America",-80.3610212477547,26.1046027
The Art Bloc,Fort Lauderdale,33394,,Northeast 4th Avenue,Florida,"Northeast 4th Avenue, Fort Lauderdale, FL 33394, United States of America",-80.1402396,26.1337464
War Memorial Auditorium,Fort Lauderdale,33304,,G Martin Harold Drive,Florida,"G Martin Harold Drive, Fort Lauderdale, FL 33304, United States of America",-80.1340777586623,26.13354235
AMC Weston 8,Sunrise,33326,,Southwest 160th Avenue,Florida,"Southwest 160th Avenue, Sunrise, FL 33326, United States of America",-80.3612297,26.1046187
Parker Playhouse,Fort Lauderdale,33304,,Northeast 7th Avenue,Florida,"Northeast 7th Avenue, Fort Lauderdale, FL 33304, United States of America",-80.13618660654184,26.1343283
Thunderbird Drive-in,,33311,3291,West Sunrise Boulevard,Florida,"3291 West Sunrise Boulevard, Lauderhill, FL 33311, United States of America",-80.1898952,26.1373808
MAC Art Galleries,Fort Lauderdale,33304,833,Northeast 4th Avenue,Florida,"833 Northeast 4th Avenue, Fort Lauderdale, FL 33304, United States of America",-80.1402162,26.1345388
Outdoor Amphitheater,Weston,33326,,Royal Palm Boulevard,Florida,"Royal Palm Boulevard, Weston, FL 33326, United States of America",-80.3830937,26.0960611
Lauderhill Performing Arts Center,,33313,,State Road 7,Florida,"State Road 7, Lauderhill, FL 33313, United States of America",-80.20028699864565,26.1388435
ArtServe Gallery,Fort Lauderdale,33304,1350,East Sunrise Boulevard,Florida,"1350 East Sunrise Boulevard, Fort Lauderdale, FL 33304, United States of America",-80.1302782,26.1367346
The Classic Gateway Theater,Fort Lauderdale,33304,1820,East Sunrise Boulevard,Florida,"1820 East Sunrise Boulevard, Fort Lauderdale, FL 33304, United States of America",-80.12135075451195,26.136815249999998
ArtSouth Sanctuary,Homestead,33030,240,Northwest 3rd Street,Florida,"240 Northwest 3rd Street, Homestead, FL 33030, United States of America",-80.477697,25.4724013
Historic Town Hall,Homestead,33030,41,Southwest 177th Avenue,Florida,"41 Southwest 177th Avenue, Homestead, FL 33030, United States of America",-80.4772172,25.4705858
Seminole Theater,Homestead,33030,18,Southwest 177th Avenue,Florida,"18 Southwest 177th Avenue, Homestead, FL 33030, United States of America",-80.4775532,25.4702522
Everglades Safari Park,,,,Southwest 8th Street,Florida,"Southwest 8th Street, Miami-Dade County, FL, United States of America",-80.62848997900562,25.75639185
Claudia Castillo Art Studio,,33305,,Wilton Drive,Florida,"Wilton Drive, Wilton Manors, FL 33305, United States of America",-80.1384473,26.1565629
Florida Pioneer Museum,Florida City,33034,826,Southwest 177th Avenue,Florida,"826 Southwest 177th Avenue, Florida City, FL 33034, United States of America",-80.4780618,25.45715455
